date,MRK-RF,SMB,HML,RF
20160104,-1.59,-0.83,0.55,0
20160105,0.12,-0.23,0.03,0
20160106,-1.35,-0.12,-0.03,0
20160107,-2.44,-0.29,0.06,0
20160108,-1.11,-0.48,-0.04,0
20160111,-0.06,-0.63,0.33,0
20160112,0.72,-0.39,-0.8,0
20160113,-2.67,-0.71,0.8,0
20160114,1.65,-0.02,-0.37,0
20160115,-2.14,0.42,-0.19,0
20160119,-0.2,-1.34,-0.08,0
20160120,-0.94,1.86,-1.23,0
20160121,0.45,-0.49,0.02,0
20160122,2.08,0.23,-0.22,0
20160125,-1.71,-0.36,-0.98,0
20160126,1.52,0.38,1.18,0
20160127,-1.11,-0.55,1.7,0
20160128,0.49,-0.48,1.23,0
20160129,2.57,0.46,0.38,0
20160201,-0.04,-0.2,-0.97,0.001
20160202,-2,-0.01,-0.38,0.001
20160203,0.46,-0.3,0.44,0.001
20160204,0.27,0.2,0.34,0.001
20160205,-2.06,-1.1,1.69,0.001
20160208,-1.51,-0.03,0.88,0.001
20160209,-0.09,-0.47,-0.31,0.001
20160210,0.01,-0.07,-0.52,0.001
20160211,-1.17,0.52,-1.52,0.001
20160212,1.98,-0.55,1.1,0.001
20160216,1.78,0.55,-0.54,0.001
20160217,1.75,-0.06,-0.62,0.001
20160218,-0.51,0.02,0.19,0.001
20160219,0.06,0.43,-0.6,0.001
20160222,1.43,-0.27,0.24,0.001
20160223,-1.22,0.49,-0.55,0.001
20160224,0.53,0.68,-0.29,0.001
20160225,1.1,-0.42,0.23,0.001
20160226,-0.01,0.8,0.32,0.001
20160229,-0.69,0.66,0.24,0.001
20160301,2.34,-0.64,0.34,0.001
20160302,0.54,0.49,0.72,0.001
20160303,0.51,0.45,0.65,0.001
20160304,0.37,0.27,0.29,0.001
20160307,0.21,1.21,0.53,0.001
20160308,-1.27,-1.14,-0.49,0.001
20160309,0.5,0.02,0.4,0.001
20160310,-0.11,-0.82,0.62,0.001
20160311,1.69,0.25,0.22,0.001
20160314,-0.12,-0.06,-0.91,0.001
20160315,-0.36,-1.44,0.65,0.001
20160316,0.63,0.1,-0.06,0.001
20160317,0.72,0.83,0.57,0.001
20160318,0.54,0.33,-0.17,0.001
20160321,0.1,-0.2,-0.31,0.001
20160322,-0.05,-0.01,-0.44,0.001
20160323,-0.86,-1.16,-0.13,0.001
20160324,0,0.46,-0.06,0.001
20160328,0.04,-0.02,0.13,0.001
20160329,1.07,1.77,-1.19,0.001
20160330,0.41,-0.29,0.17,0.001
20160331,-0.11,0.45,-0.48,0.001
20160401,0.64,-0.25,-0.6,0
20160404,-0.41,-0.24,-0.75,0
20160405,-0.94,-0.08,-0.36,0
20160406,1.14,0.17,-0.78,0
20160407,-1.23,-0.04,-0.37,0
20160408,0.29,0.01,0.66,0
20160411,-0.28,-0.11,0.94,0
20160412,0.99,-0.06,0.87,0
20160413,1.23,0.84,0.35,0
20160414,0.03,-0.28,0.17,0
20160415,-0.04,0.34,-0.35,0
20160418,0.65,0.1,-0.22,0
20160419,0.29,-0.36,1.47,0
20160420,0.15,-0.1,0.55,0
20160421,-0.47,0.11,-0.57,0
20160422,0.12,0.81,0.53,0
20160425,-0.24,-0.57,-0.19,0
20160426,0.29,0.65,0.77,0
20160427,0.21,0.09,0.69,0
20160428,-0.96,-0.15,0.05,0
20160429,-0.5,-0.14,0.4,0
20160502,0.79,0,-0.38,0.001
20160503,-1.05,-0.65,-0.47,0.001
20160504,-0.66,-0.15,0.03,0.001
20160505,-0.08,-0.5,0.06,0.001
20160506,0.38,0.05,0.25,0.001
20160509,0.05,0.38,-1.47,0.001
20160510,1.26,-0.4,0.5,0.001
20160511,-0.89,-0.37,0.83,0.001
20160512,-0.11,-0.6,0.14,0.001
20160513,-0.82,0.38,-0.66,0.001
20160516,0.99,0.27,-0.23,0.001
20160517,-0.95,-0.78,0.62,0.001
20160518,0.1,0.09,0.9,0.001
20160519,-0.33,-0.32,-0.29,0.001
20160520,0.75,0.9,-0.27,0.001
20160523,-0.18,0.26,-0.32,0.001
20160524,1.43,0.68,-0.34,0.001
20160525,0.72,-0.22,0.58,0.001
20160526,-0.04,-0.09,-0.53,0.001
20160527,0.49,0.33,-0.17,0.001
20160531,-0.01,0.5,-0.34,0.001
20160601,0.2,0.65,-0.21,0.001
20160602,0.35,0.31,-0.55,0.001
20160603,-0.38,-0.13,-0.11,0.001
20160606,0.6,0.67,0.34,0.001
20160607,0.12,0.19,0.1,0.001
20160608,0.37,0.43,-0.08,0.001
20160609,-0.27,-0.39,-0.23,0.001
20160610,-1.05,-0.35,-0.16,0.001
20160613,-0.84,-0.37,0.11,0.001
20160614,-0.19,0.28,-0.72,0.001
20160615,-0.11,0.25,-0.05,0.001
20160616,0.24,-0.34,-0.42,0.001
20160617,-0.3,-0.1,0.92,0.001
20160620,0.71,0.61,0,0.001
20160621,0.21,-0.63,0.52,0.001
20160622,-0.2,-0.32,0.09,0.001
20160623,1.45,0.49,0.46,0.001
20160624,-3.7,0.17,-1.19,0.001
20160627,-2.07,-0.93,-0.72,0.001
20160628,1.76,-0.4,0.17,0.001
20160629,1.8,0.27,-0.04,0.001
20160630,1.42,0.35,0.42,0.001
20160701,0.24,0.54,-0.41,0.001
20160705,-0.85,-0.61,-1.37,0.001
20160706,0.62,0.17,-0.14,0.001
20160707,0.02,0.34,-0.19,0.001
20160708,1.6,0.89,0.33,0.001
20160711,0.43,0.59,0.26,0.001
20160712,0.75,0.61,0.98,0.001
20160713,-0.05,-0.52,0.49,0.001
20160714,0.51,-0.46,0.46,0.001
20160715,-0.05,0.3,0,0.001
20160718,0.25,-0.02,-0.13,0.001
20160719,-0.22,-0.63,0.06,0.001
20160720,0.48,0.45,-0.9,0.001
20160721,-0.38,-0.05,-0.01,0.001
20160722,0.48,0.25,-0.14,0.001
20160725,-0.27,-0.03,-0.23,0.001
20160726,0.13,0.57,0.53,0.001
20160727,-0.14,0.57,-0.43,0.001
20160728,0.18,-0.42,-0.31,0.001
20160729,0.17,-0.02,0.05,0.001
20160801,-0.16,0.18,-0.88,0.001
20160802,-0.7,-0.58,0.18,0.001
20160803,0.45,0.47,0.82,0.001
20160804,0.05,0.09,-0.35,0.001
20160805,0.93,0.39,0.98,0.001
20160808,-0.06,0.02,0.53,0.001
20160809,0.05,-0.02,-0.3,0.001
20160810,-0.29,-0.44,-0.15,0.001
20160811,0.54,0.14,0.03,0.001
20160812,-0.06,0.09,-0.16,0.001
20160815,0.39,0.73,0.39,0.001
20160816,-0.57,-0.26,0.61,0.001
20160817,0.12,-0.55,0.24,0.001
20160818,0.32,0.46,0.34,0.001
20160819,-0.11,0.12,-0.15,0.001
20160822,-0.02,0.25,-0.41,0.001
20160823,0.27,0.56,-0.03,0.001
20160824,-0.56,-0.47,0.39,0.001
20160825,-0.08,0.19,0.48,0.001
20160826,-0.15,0.13,-0.09,0.001
20160829,0.53,-0.07,0.35,0.001
20160830,-0.14,0.1,0.32,0.001
20160831,-0.24,-0.38,0.14,0.001
20160901,0.03,0.13,-0.48,0.001
20160902,0.53,0.4,0.37,0.001
20160906,0.26,0.08,-0.53,0.001
20160907,0.09,0.61,0.05,0.001
20160908,-0.18,-0.03,0.58,0.001
20160909,-2.47,-0.57,0.41,0.001
20160912,1.44,0,-0.48,0.001
20160913,-1.48,-0.26,-0.44,0.001
20160914,-0.08,0.12,-0.81,0.001
20160915,1.07,0.3,-0.32,0.001
20160916,-0.36,0.34,-0.46,0.001
20160919,0.05,0.41,0.15,0.001
20160920,-0.02,-0.22,-0.43,0.001
20160921,1.12,0.15,0.32,0.001
20160922,0.7,0.85,-0.07,0.001
20160923,-0.6,-0.1,-0.18,0.001
20160926,-0.88,-0.21,-0.35,0.001
20160927,0.64,-0.08,-0.5,0.001
20160928,0.56,0.22,1.1,0.001
20160929,-0.98,-0.41,0.53,0.001
20160930,0.88,0.37,0.36,0.001
20161003,-0.26,-0.03,-0.15,0.001
20161004,-0.46,0.02,0.13,0.001
20161005,0.58,0.27,0.79,0.001
20161006,-0.06,-0.26,0.33,0.001
20161007,-0.38,-0.51,0.19,0.001
20161010,0.52,0.56,0.02,0.001
20161011,-1.3,-0.6,0.45,0.001
20161012,0.06,-0.23,0.36,0.001
20161013,-0.42,-0.67,-0.61,0.001
20161014,0.01,-0.38,0.58,0.001
20161017,-0.29,-0.05,0.15,0.001
20161018,0.6,-0.17,0.03,0.001
20161019,0.25,0.04,0.91,0.001
20161020,-0.16,-0.02,-0.12,0.001
20161021,0.02,-0.15,-0.31,0.001
20161024,0.54,0.06,-0.21,0.001
20161025,-0.46,-0.6,0.25,0.001
20161026,-0.23,-0.85,0.71,0.001
20161027,-0.33,-0.95,0.57,0.001
20161028,-0.29,-0.09,0.08,0.001
20161031,0.02,0.03,0.09,0.001
20161101,-0.68,-0.36,0.2,0.001
20161102,-0.73,-0.65,0.34,0.001
20161103,-0.4,-0.47,1.04,0.001
20161104,-0.12,0.85,-0.47,0.001
20161107,2.23,0.19,-0.16,0.001
20161108,0.4,-0.08,-0.22,0.001
20161109,1.46,1.81,1.05,0.001
20161110,0.32,1.12,1.85,0.001
20161111,0.18,2.51,-0.05,0.001
20161114,0.21,0.58,1.41,0.001
20161115,0.8,-0.55,0.14,0.001
20161116,-0.12,0.3,-0.58,0.001
20161117,0.56,0.12,-0.16,0.001
20161118,-0.16,0.57,0.38,0.001
20161121,0.77,-0.25,0.08,0.001
20161122,0.31,0.55,0.54,0.001
20161123,0.16,0.5,0.18,0.001
20161125,0.4,-0.08,-0.27,0.001
20161128,-0.64,-0.74,0.09,0.001
20161129,0.11,-0.36,-0.04,0.001
20161130,-0.25,-0.38,2.23,0.001
20161201,-0.36,-0.68,2.06,0.001
20161202,0,0.05,-0.31,0.001
20161205,0.75,1.07,0.26,0.001
20161206,0.48,0.64,0.22,0.001
20161207,1.26,-0.62,0.5,0.001
20161208,0.36,1.15,0.59,0.001
20161209,0.46,-0.28,0.15,0.001
20161212,-0.3,-0.93,-0.12,0.001
20161213,0.6,-0.51,-0.29,0.001
20161214,-0.82,-0.37,-0.28,0.001
20161215,0.46,0.38,0.3,0.001
20161216,-0.22,0.06,-0.42,0.001
20161219,0.22,0.32,0.07,0.001
20161220,0.44,0.43,0.63,0.001
20161221,-0.24,-0.37,0.21,0.001
20161222,-0.3,-0.74,0.26,0.001
20161223,0.19,0.56,-0.5,0.001
20161227,0.27,0.21,0.12,0.001
20161228,-0.87,-0.27,0.09,0.001
20161229,-0.04,0.14,-0.33,0.001
20161230,-0.52,-0.11,0.22,0.001
20170103,0.83,-0.13,0.1,0.002
20170104,0.79,0.95,-0.16,0.002
20170105,-0.21,-0.87,-0.8,0.002
20170106,0.29,-0.63,-0.31,0.002
20170109,-0.37,-0.28,-1.03,0.002
20170110,0.16,0.98,0.55,0.002
20170111,0.31,-0.31,0.54,0.002
20170112,-0.3,-0.57,-0.85,0.002
20170113,0.29,0.63,-0.1,0.002
20170117,-0.49,-0.85,-0.6,0.002
20170118,0.24,0.18,0.21,0.002
20170119,-0.38,-0.49,-0.03,0.002
20170120,0.33,0.05,0.2,0.002
20170123,-0.29,-0.05,-0.32,0.002
20170124,0.83,0.69,0.77,0.002
20170125,0.84,0.15,0.39,0.002
20170126,-0.1,-0.62,0.39,0.002
20170127,-0.12,0.01,-0.67,0.002
20170130,-0.68,-0.71,-0.44,0.002
20170131,0,0.89,-0.57,0.002
20170201,0.04,-0.06,0.03,0.002
20170202,-0.02,-0.26,-0.28,0.002
20170203,0.82,0.54,0.68,0.002
20170206,-0.27,-0.58,-0.18,0.002
20170207,-0.01,-0.3,-0.51,0.002
20170208,0.06,-0.24,-0.58,0.002
20170209,0.72,0.71,0.02,0.002
20170210,0.38,0.4,0.12,0.002
20170213,0.49,-0.32,0.34,0.002
20170214,0.45,-0.24,0.35,0.002
20170215,0.54,0.18,-0.44,0.002
20170216,-0.16,-0.22,-0.03,0.002
20170217,0.2,0,-0.56,0.002
20170221,0.6,-0.03,0.12,0.002
20170222,-0.15,-0.38,0.1,0.002
20170223,-0.11,-0.66,0.26,0.002
20170224,0.15,0.05,-0.95,0.002
20170227,0.22,0.82,-0.34,0.002
20170228,-0.42,-1.38,0.17,0.002
20170301,1.47,0.42,0.73,0.001
20170302,-0.7,-0.53,-0.9,0.001
20170303,0.09,-0.23,0.14,0.001
20170306,-0.38,-0.36,-0.08,0.001
20170307,-0.36,-0.3,-0.06,0.001
20170308,-0.19,-0.11,-0.84,0.001
20170309,0.04,-0.46,-0.26,0.001
20170310,0.34,0.08,-0.5,0.001
20170313,0.13,0.33,-0.06,0.001
20170314,-0.36,-0.23,0,0.001
20170315,0.86,0.75,-0.42,0.001
20170316,-0.06,0.45,0.24,0.001
20170317,-0.08,0.62,-0.29,0.001
20170320,-0.25,-0.08,-0.73,0.001
20170321,-1.48,-1.33,-0.68,0.001
20170322,0.16,-0.3,-0.56,0.001
20170323,-0.03,0.69,0.48,0.001
20170324,-0.05,0.13,-0.23,0.001
20170327,-0.05,0.56,-0.49,0.001
20170328,0.72,-0.16,0.72,0.001
20170329,0.18,0.39,-0.06,0.001
20170330,0.36,0.33,0.92,0.001
20170331,-0.16,0.58,-0.32,0.001
20170403,-0.28,-1.1,-0.11,0.003
20170404,0.05,-0.23,0.32,0.003
20170405,-0.44,-0.79,-0.31,0.003
20170406,0.32,0.68,0.48,0.003
20170407,-0.08,0.13,-0.26,0.003
20170410,0.08,0.11,0.07,0.003
20170411,-0.05,0.81,0.21,0.003
20170412,-0.49,-0.83,-0.53,0.003
20170413,-0.75,-0.23,-0.79,0.003
20170417,0.89,0.23,0.22,0.003
20170418,-0.25,0.36,-0.18,0.003
20170419,-0.08,0.59,-0.43,0.003
20170420,0.83,0.51,0.26,0.003
20170421,-0.28,0.11,-0.14,0.003
20170424,1.18,0.18,0.49,0.003
20170425,0.66,0.36,-0.05,0.003
20170426,0.04,0.71,0.31,0.003
20170427,0.05,-0.14,-0.96,0.003
20170428,-0.3,-0.68,-0.61,0.003
20170501,0.21,0.26,-0.13,0.003
20170502,0.03,-0.47,-0.19,0.003
20170503,-0.19,-0.55,0.22,0.003
20170504,0.02,-0.06,-0.38,0.003
20170505,0.46,0.06,0.04,0.003
20170508,-0.04,-0.25,0.26,0.003
20170509,-0.05,0.5,-0.8,0.003
20170510,0.21,0.19,0.04,0.003
20170511,-0.26,-0.36,-0.15,0.003
20170512,-0.18,-0.29,-0.61,0.003
20170515,0.53,0.26,0.21,0.003
20170516,-0.03,0.15,-0.08,0.003
20170517,-1.97,-0.87,-0.52,0.003
20170518,0.4,0.03,-0.4,0.003
20170519,0.7,-0.38,0.39,0.003
20170522,0.56,0.27,-0.27,0.003
20170523,0.18,-0.1,0.62,0.003
20170524,0.24,-0.14,-0.48,0.003
20170525,0.42,-0.29,-0.74,0.003
20170526,0.06,-0.02,0.09,0.003
20170530,-0.19,-0.5,-0.33,0.003
20170531,-0.02,0.03,-0.55,0.003
20170601,0.95,1,0.04,0.003
20170602,0.35,0.54,-0.81,0.003
20170605,-0.17,-0.46,-0.01,0.003
20170606,-0.28,0.1,-0.03,0.003
20170607,0.15,-0.19,-0.05,0.003
20170608,0.18,1.15,0.92,0.003
20170609,-0.12,0.02,2.46,0.003
20170612,-0.11,-0.26,0.34,0.003
20170613,0.55,0.09,-0.14,0.003
20170614,-0.17,-0.48,-0.52,0.003
20170615,-0.3,-0.24,-0.11,0.003
20170616,-0.03,-0.21,-0.13,0.003
20170619,0.86,0.1,-0.77,0.003
20170620,-0.73,-0.4,-0.49,0.003
20170621,-0.07,-0.06,-1.69,0.003
20170622,0.02,0.52,-0.38,0.003
20170623,0.24,0.83,-0.49,0.003
20170626,0.04,-0.05,0.7,0.003
20170627,-0.85,-0.4,1.35,0.003
20170628,1.02,0.74,0.19,0.003
20170629,-0.83,-0.11,1.38,0.003
20170630,0.14,-0.09,-0.28,0.003
20170703,0.24,0.35,1.21,0.004
20170705,0.12,-0.69,-0.59,0.004
20170706,-0.95,-0.51,0.12,0.004
20170707,0.7,0.42,-0.41,0.004
20170710,0.05,-0.44,-0.08,0.004
20170711,0,0.37,-0.55,0.004
20170712,0.72,0.12,-0.54,0.004
20170713,0.17,-0.08,0.37,0.004
20170714,0.42,-0.13,-0.51,0.004
20170717,0,0.22,0.11,0.004
20170718,0.04,-0.3,-0.32,0.004
20170719,0.59,0.52,0.03,0.004
20170720,-0.01,0.06,-0.03,0.004
20170721,-0.08,-0.41,-0.23,0.004
20170724,-0.03,0.1,-0.19,0.004
20170725,0.38,0.35,0.94,0.004
20170726,-0.06,-0.34,-0.76,0.004
20170727,-0.14,-0.61,0.41,0.004
20170728,-0.17,-0.05,0.24,0.004
20170731,-0.11,-0.36,0.44,0.004
20170801,0.24,-0.2,0.11,0.004
20170802,-0.08,-1.17,0.14,0.004
20170803,-0.21,-0.33,-0.31,0.004
20170804,0.25,0.3,0.36,0.004
20170807,0.16,-0.09,-0.59,0.004
20170808,-0.24,-0.08,0.24,0.004
20170809,-0.14,-0.77,-0.1,0.004
20170810,-1.49,-0.3,0.25,0.004
20170811,0.2,0.24,-0.88,0.004
20170814,1.03,0.26,0.1,0.004
20170815,-0.11,-0.85,-0.03,0.004
20170816,0.18,-0.14,-0.44,0.004
20170817,-1.59,-0.15,-0.16,0.004
20170818,-0.15,0.14,0.23,0.004
20170821,0.06,-0.26,-0.23,0.004
20170822,1.07,-0.01,-0.24,0.004
20170823,-0.32,0.1,0.41,0.004
20170824,-0.14,0.6,0.18,0.004
20170825,0.18,0.13,0.57,0.004
20170828,0.08,0.36,-0.71,0.004
20170829,0.1,0.13,-0.38,0.004
20170830,0.53,0,-0.3,0.004
20170831,0.62,0.48,-0.44,0.004
20170901,0.27,0.41,0.41,0.005
20170905,-0.81,0.11,-0.96,0.005
20170906,0.28,-0.03,0.13,0.005
20170907,-0.07,0.15,-0.91,0.005
20170908,-0.16,0.03,0.37,0.005
20170911,1.08,-0.12,0.65,0.005
20170912,0.44,0.24,0.71,0.005
20170913,0.11,0.31,0.37,0.005
20170914,-0.12,-0.04,-0.07,0.005
20170915,0.19,0.27,0.13,0.005
20170918,0.24,0.38,0.2,0.005
20170919,0.15,-0.3,0.39,0.005
20170920,0.16,0.23,0.51,0.005
20170921,-0.28,0.11,0.36,0.005
20170922,0.12,0.43,0.12,0.005
20170925,-0.25,0.32,0.61,0.005
20170926,0.05,0.39,0.14,0.005
20170927,0.63,1.37,0.2,0.005
20170928,0.13,0.16,-0.05,0.005
20170929,0.35,-0.13,-0.26,0.005
20171002,0.5,0.84,0.14,0.004
20171003,0.26,-0.03,-0.03,0.004
20171004,0.05,-0.28,-0.45,0.004
20171005,0.55,-0.33,0.36,0.004
20171006,-0.08,-0.08,-0.26,0.004
20171009,-0.22,-0.29,-0.01,0.004
20171010,0.24,-0.01,0.42,0.004
20171011,0.16,-0.19,-0.21,0.004
20171012,-0.18,0.05,-0.51,0.004
20171013,0.04,-0.25,0.11,0.004
20171016,0.17,-0.3,0.33,0.004
20171017,0.01,-0.31,-0.28,0.004
20171018,0.14,0.29,0.21,0.004
20171019,0.02,-0.38,0.18,0.004
20171020,0.57,-0.08,0.29,0.004
20171023,-0.45,-0.44,0.19,0.004
20171024,0.2,-0.19,0.48,0.004
20171025,-0.51,0,0.13,0.004
20171026,0.2,0.04,0.26,0.004
20171027,0.82,-0.01,-0.97,0.004
20171030,-0.46,-0.78,-0.05,0.004
20171031,0.23,0.84,-0.25,0.004
20171101,0.05,-0.77,0.11,0.004
20171102,0.06,-0.04,0.5,0.004
20171103,0.31,-0.42,-0.73,0.004
20171106,0.06,0.23,0.19,0.004
20171107,-0.2,-1.36,-0.4,0.004
20171108,0.12,0.07,-0.58,0.004
20171109,-0.41,-0.01,0.24,0.004
20171110,0.01,0.06,-0.42,0.004
20171113,0.09,-0.32,0.07,0.004
20171114,-0.22,-0.13,0,0.004
20171115,-0.52,-0.05,0.22,0.004
20171116,1.01,0.85,-0.54,0.004
20171117,-0.14,0.75,0.29,0.004
20171120,0.21,0.55,0.02,0.004
20171121,0.67,0.41,-0.33,0.004
20171122,-0.05,0.11,-0.06,0.004
20171124,0.21,0.02,-0.44,0.004
20171127,-0.06,-0.37,0.01,0.004
20171128,1.06,0.39,0.87,0.004
20171129,0.02,0.03,1.46,0.004
20171130,0.82,-0.56,-0.53,0.004
20171201,-0.22,-0.36,0.39,0.004
20171204,-0.1,-0.35,1.24,0.004
20171205,-0.43,-0.44,-0.22,0.004
20171206,-0.09,-0.46,-0.53,0.004
20171207,0.42,0.26,-0.18,0.004
20171208,0.51,-0.45,-0.12,0.004
20171211,0.26,-0.41,-0.17,0.004
20171212,0.07,-0.55,0.52,0.004
20171213,0.02,0.72,-0.88,0.004
20171214,-0.47,-0.69,-0.2,0.004
20171215,0.92,0.68,0.04,0.004
20171218,0.67,0.73,0.26,0.004
20171219,-0.3,-0.37,-0.25,0.004
20171220,0.01,0.35,0.07,0.004
20171221,0.24,0.27,0.64,0.004
20171222,-0.07,-0.22,-0.21,0.004
20171226,-0.07,0.34,-0.07,0.004
20171227,0.05,-0.13,-0.2,0.004
20171228,0.22,0.12,0.04,0.004
20171229,-0.57,-0.3,0.01,0.004
20180102,0.85,0.34,-0.23,0.005
20180103,0.59,-0.39,-0.2,0.005
20180104,0.42,-0.27,0.25,0.005
20180105,0.66,-0.35,-0.26,0.005
20180108,0.19,-0.16,0.05,0.005
20180109,0.15,-0.34,-0.05,0.005
20180110,-0.07,0.07,0.59,0.005
20180111,0.87,1.13,0.31,0.005
20180112,0.66,-0.3,0.16,0.005
20180116,-0.49,-1.03,-0.01,0.005
20180117,0.95,-0.04,-0.12,0.005
20180118,-0.18,-0.5,-0.25,0.005
20180119,0.57,0.94,-0.05,0.005
20180122,0.77,-0.33,-0.16,0.005
20180123,0.22,0.15,-0.36,0.005
20180124,-0.13,-0.81,0.42,0.005
20180125,0.07,0.18,-0.48,0.005
20180126,1.11,-0.63,-0.55,0.005
20180129,-0.62,-0.01,-0.22,0.005
20180130,-1.06,0.14,-0.21,0.005
20180131,-0.07,-0.75,0.1,0.005
20180201,0.03,0.09,0.55,0.006
20180202,-2.13,0.05,-0.29,0.006
20180205,-4.03,0.78,-0.56,0.006
20180206,1.67,-0.52,-0.2,0.006
20180207,-0.37,0.51,0.22,0.006
20180208,-3.68,0.83,0.5,0.006
20180209,1.36,-0.61,0.14,0.006
20180212,1.36,-0.45,-0.28,0.006
20180213,0.31,0.06,-0.25,0.006
20180214,1.52,0.26,0.48,0.006
20180215,1.21,-0.13,-0.65,0.006
20180216,0.03,0.35,0.16,0.006
20180220,-0.62,-0.36,-0.23,0.006
20180221,-0.43,0.77,0.21,0.006
20180222,0.01,0.06,-0.41,0.006
20180223,1.54,-0.36,-0.12,0.006
20180226,1.12,-0.49,-0.06,0.006
20180227,-1.25,-0.2,0.03,0.006
20180228,-1.1,-0.41,-0.29,0.006
20180301,-1.18,1.01,-0.01,0.006
20180302,0.7,1.16,-0.48,0.006
20180305,1.06,-0.38,0.26,0.006
20180306,0.36,0.67,0.09,0.006
20180307,0.05,0.79,-0.42,0.006
20180308,0.37,-0.48,-0.35,0.006
20180309,1.7,-0.26,0.28,0.006
20180312,-0.09,0.46,-0.07,0.006
20180313,-0.67,0.09,0.01,0.006
20180314,-0.53,0.24,-0.56,0.006
20180315,-0.18,-0.41,0.31,0.006
20180316,0.25,0.47,0.19,0.006
20180319,-1.38,0.35,0.42,0.006
20180320,0.15,-0.07,-0.36,0.006
20180321,-0.06,0.75,0.44,0.006
20180322,-2.54,0.51,-0.49,0.006
20180323,-2.09,0.22,-0.22,0.006
20180326,2.67,-0.7,0.01,0.006
20180327,-1.87,-0.23,0.36,0.006
20180328,-0.35,0.13,0.66,0.006
20180329,1.41,-0.3,-0.2,0.006
20180402,-2.29,-0.15,0.38,0.007
20180403,1.24,-0.05,0.17,0.007
20180404,1.17,0.32,-0.31,0.007
20180405,0.75,0.02,0.47,0.007
20180406,-2.19,0.41,-0.05,0.007
20180409,0.3,-0.16,-0.5,0.007
20180410,1.77,0.39,-0.13,0.007
20180411,-0.49,0.92,-0.31,0.007
20180412,0.84,-0.23,0.19,0.007
20180413,-0.37,0.03,-0.26,0.007
20180416,0.82,0.07,-0.03,0.007
20180417,1.09,0.17,-1.18,0.007
20180418,0.13,0.24,0.04,0.007
20180419,-0.49,-0.47,1.07,0.007
20180420,-0.81,0.06,0.59,0.007
20180423,-0.05,-0.07,0.21,0.007
20180424,-1.3,0.52,1,0.007
20180425,0.1,-0.34,0.04,0.007
20180426,0.96,-0.39,-0.87,0.007
20180427,0.01,-0.26,0.04,0.007
20180430,-0.8,0.05,-0.09,0.007
20180501,0.24,0.23,-0.56,0.006
20180502,-0.63,1.29,-0.34,0.006
20180503,-0.25,-0.5,-0.17,0.006
20180504,1.3,0.02,-0.18,0.006
20180507,0.42,0.41,-0.35,0.006
20180508,0.07,0.48,0.26,0.006
20180509,0.89,-0.19,0.26,0.006
20180510,0.84,-0.44,-0.06,0.006
20180511,0.19,0.12,-0.37,0.006
20180514,0.05,-0.35,0.11,0.006
20180515,-0.55,0.68,0.41,0.006
20180516,0.49,0.7,-0.25,0.006
20180517,0.02,0.9,0.29,0.006
20180518,-0.23,0.58,-0.61,0.006
20180521,0.72,-0.21,0.42,0.006
20180522,-0.42,-0.77,0.62,0.006
20180523,0.29,0.05,-0.7,0.006
20180524,-0.16,0.36,-0.34,0.006
20180525,-0.21,0.23,-0.42,0.006
20180529,-1.03,1.34,-0.99,0.006
20180530,1.31,0.05,0.38,0.006
20180531,-0.7,0.07,-0.41,0.006
20180601,1.06,-0.23,-0.11,0.006
20180604,0.48,0.15,-0.46,0.006
20180605,0.16,0.83,-0.43,0.006
20180606,0.86,-0.35,0.19,0.006
20180607,-0.14,-0.3,0.91,0.006
20180608,0.31,0.09,-0.41,0.006
20180611,0.12,0.18,-0.17,0.006
20180612,0.23,0.24,-0.63,0.006
20180613,-0.33,0.1,-0.18,0.006
20180614,0.27,0.32,-0.99,0.006
20180615,-0.08,0.04,-0.24,0.006
20180618,-0.09,0.73,0.08,0.006
20180619,-0.38,0.56,-0.15,0.006
20180620,0.23,0.73,-0.49,0.006
20180621,-0.73,-0.62,0.34,0.006
20180622,0.11,0.02,0.46,0.006
20180625,-1.48,-0.55,0.57,0.006
20180626,0.27,0.63,-0.24,0.006
20180627,-1.02,-0.97,0.37,0.006
20180628,0.58,-0.17,-0.5,0.006
20180629,0.07,-0.2,-0.24,0.006
20180702,0.36,0.41,-0.23,0.008
20180703,-0.44,0.8,0,0.008
20180705,0.87,0.44,-0.44,0.008
20180706,0.88,0.05,-0.31,0.008
20180709,0.93,-0.4,0.84,0.008
20180710,0.21,-0.78,-0.15,0.008
20180711,-0.69,-0.02,-0.45,0.008
20180712,0.86,-0.31,-1.09,0.008
20180713,0.08,-0.12,-0.27,0.008
20180716,-0.16,-0.78,0.96,0.008
20180717,0.48,0.25,-0.75,0.008
20180718,0.27,-0.28,0.65,0.008
20180719,-0.34,0.98,-0.36,0.008
20180720,-0.1,-0.17,0.12,0.008
20180723,0.15,-0.3,0.53,0.008
20180724,0.22,-1.36,0.41,0.008
20180725,0.83,-0.43,-1.04,0.008
20180726,-0.2,0.65,0.56,0.008
20180727,-0.82,-1.37,1.08,0.008
20180730,-0.7,-0.23,1.58,0.008
20180731,0.51,0.83,-1.11,0.008
20180801,-0.13,0.07,-0.2,0.007
20180802,0.67,0.33,-0.69,0.007
20180803,0.31,-1.06,0.53,0.007
20180806,0.46,0.26,-0.33,0.007
20180807,0.29,0.01,-0.16,0.007
20180808,-0.04,-0.14,0.28,0.007
20180809,-0.05,0.37,-0.37,0.007
20180810,-0.6,0.42,-0.2,0.007
20180813,-0.46,-0.15,-0.29,0.007
20180814,0.69,0.29,0.24,0.007
20180815,-0.91,-0.54,-0.13,0.007
20180816,0.86,-0.07,0.25,0.007
20180817,0.3,0.08,0.02,0.007
20180820,0.25,0.12,0.14,0.007
20180821,0.33,0.89,0.1,0.007
20180822,0.05,0.37,-0.35,0.007
20180823,-0.19,-0.05,-0.33,0.007
20180824,0.62,-0.02,-0.58,0.007
20180827,0.74,-0.67,-0.16,0.007
20180828,-0.01,-0.12,-0.24,0.007
20180829,0.56,-0.04,-0.57,0.007
20180830,-0.41,0.29,-0.41,0.007
20180831,0.08,0.49,-0.39,0.007
20180904,-0.11,-0.37,-0.01,0.008
20180905,-0.41,-0.17,0.66,0.008
20180906,-0.44,-0.35,-0.23,0.008
20180907,-0.18,0.1,-0.24,0.008
20180910,0.23,0.11,-0.37,0.008
20180911,0.37,-0.28,-0.22,0.008
20180912,0.03,-0.05,-0.21,0.008
20180913,0.45,-0.44,-0.41,0.008
20180914,0.12,0.26,0.25,0.008
20180917,-0.71,-0.45,0.85,0.008
20180918,0.57,0.05,-0.49,0.008
20180919,0.06,-0.66,1.29,0.008
20180920,0.77,0.3,-0.23,0.008
20180921,-0.13,-0.42,0.31,0.008
20180924,-0.31,0.03,-0.88,0.008
20180925,-0.05,0.28,-0.39,0.008
20180926,-0.4,-0.38,-0.61,0.008
20180927,0.27,-0.26,-0.53,0.008
20180928,-0.03,0.41,-0.2,0.008
20181001,0.16,-1.61,0.36,0.008
20181002,-0.21,-0.98,0.61,0.008
20181003,0.2,0.85,0.49,0.008
20181004,-0.93,-1.07,1.58,0.008
20181005,-0.64,-0.41,0.4,0.008
20181008,-0.17,-0.4,1.21,0.008
20181009,-0.18,-0.28,0.27,0.008
20181010,-3.33,0.29,1.1,0.008
20181011,-1.96,0.44,-0.92,0.008
20181012,1.38,-0.87,-1.71,0.008
20181015,-0.48,0.9,0.53,0.008
20181016,2.24,0.68,-1.45,0.008
20181017,-0.08,-0.67,0.26,0.008
20181018,-1.54,-0.54,0.44,0.008
20181019,-0.25,-1.3,0.73,0.008
20181022,-0.38,0.47,-1.23,0.008
20181023,-0.62,-0.1,-0.43,0.008
20181024,-3.33,-0.92,0.78,0.008
20181025,1.93,0.4,-0.6,0.008
20181026,-1.65,0.55,0.36,0.008
20181029,-0.77,-0.31,1.62,0.008
20181030,1.66,0.41,0.05,0.008
20181031,1.22,-0.68,-0.75,0.008
20181101,1.29,1.33,-1.13,0.008
20181102,-0.53,0.81,0.67,0.008
20181105,0.4,-1.02,1.56,0.008
20181106,0.58,-0.15,0.01,0.008
20181107,2.11,-0.34,-1.03,0.008
20181108,-0.28,-0.22,0.25,0.008
20181109,-1.04,-0.85,0.42,0.008
20181112,-2.06,0.01,0.86,0.008
20181113,-0.13,-0.14,0.15,0.008
20181114,-0.77,0.02,-0.26,0.008
20181115,1.18,0.34,-0.42,0.008
20181116,0.15,0.01,-0.06,0.008
20181119,-1.88,-0.69,2.35,0.008
20181120,-1.85,0.12,-0.54,0.008
20181121,0.51,0.99,-0.33,0.008
20181123,-0.55,0.82,-0.6,0.008
20181126,1.62,-0.67,-0.2,0.008
20181127,0.11,-1.07,0.27,0.008
20181128,2.42,0.44,-1.17,0.008
20181129,-0.22,-0.11,-0.1,0.008
20181130,0.78,-0.32,-0.45,0.008
20181203,1.13,-0.07,-0.79,0.01
20181204,-3.45,-0.96,-0.18,0.01
20181206,-0.16,0.12,-1.04,0.01
20181207,-2.36,0.19,1.33,0.01
20181210,0.1,-0.15,-1.65,0.01
20181211,-0.08,-0.06,-0.39,0.01
20181212,0.68,0.55,-0.2,0.01
20181213,-0.26,-1.5,-0.18,0.01
20181214,-1.89,-0.07,0.51,0.01
20181217,-2.13,-0.29,1.03,0.01
20181218,-0.03,0.01,-0.58,0.01
20181219,-1.58,-0.61,0.04,0.01
20181220,-1.62,-0.3,0.97,0.01
20181221,-2.17,-0.56,0.78,0.01
20181224,-2.55,0.99,-0.46,0.01
20181226,5.06,-0.04,-1.01,0.01
20181227,0.78,-0.65,-0.14,0.01
20181228,-0.03,0.76,0.23,0.01
20181231,0.9,-0.09,-0.46,0.01
20190102,0.23,0.56,1.1,0.01
20190103,-2.45,0.4,1.21,0.01
20190104,3.55,0.41,-0.7,0.01
20190107,0.94,0.97,-0.77,0.01
20190108,1.01,0.53,-0.64,0.01
20190109,0.56,0.45,0.09,0.01
20190110,0.42,0.03,-0.44,0.01
20190111,-0.01,0.13,0.22,0.01
20190114,-0.6,-0.6,0.95,0.01
20190115,1.06,0.01,-0.87,0.01
20190116,0.28,0.03,0.92,0.01
20190117,0.75,0.11,-0.25,0.01
20190118,1.29,-0.35,0.12,0.01
20190122,-1.53,-0.4,0.33,0.01
20190123,0.15,-0.39,-0.15,0.01
20190124,0.23,0.43,-0.02,0.01
20190125,0.9,0.45,-0.34,0.01
20190128,-0.8,-0.17,0.64,0.01
20190129,-0.19,-0.02,0.18,0.01
20190130,1.51,-0.12,-0.95,0.01
20190131,0.92,0.14,-1.07,0.01
20190201,0.14,-0.15,0.4,0.01
20190204,0.72,0.49,-0.47,0.01
20190205,0.43,-0.08,-0.59,0.01
20190206,-0.22,-0.02,0.07,0.01
20190207,-0.93,-0.12,0.38,0.01
20190208,0.09,0.05,-0.7,0.01
20190211,0.14,0.65,0.22,0.01
20190212,1.36,0.02,-0.19,0.01
20190213,0.28,0.08,0.06,0.01
20190214,-0.21,0.53,-0.57,0.01
20190215,1.13,0.24,0.47,0.01
20190219,0.19,0.28,0.29,0.01
20190220,0.19,0.23,0.55,0.01
20190221,-0.37,-0.06,-0.21,0.01
20190222,0.65,0.56,-1.46,0.01
20190225,0.15,-0.24,-0.18,0.01
20190226,-0.16,-0.63,-0.3,0.01
20190227,0.09,0.2,-0.11,0.01
20190228,-0.31,0.02,-0.24,0.01
20190301,0.72,0.29,-0.41,0.009
20190304,-0.52,-0.42,0.37,0.009
20190305,-0.17,-0.31,-0.23,0.009
20190306,-0.84,-1.26,0.07,0.009
20190307,-0.82,-0.06,-0.32,0.009
20190308,-0.22,0.06,-0.17,0.009
20190311,1.49,0.35,-0.54,0.009
20190312,0.25,-0.27,-0.09,0.009
20190313,0.68,-0.32,0.08,0.009
20190314,-0.1,-0.4,0.3,0.009
20190315,0.48,-0.27,-0.27,0.009
20190318,0.46,0.13,0.43,0.009
20190319,-0.09,-0.38,-0.92,0.009
20190320,-0.39,0.02,-1.02,0.009
20190321,1.11,0.3,-1.24,0.009
20190322,-2.17,-1.51,-0.06,0.009
20190325,-0.05,0.66,-0.27,0.009
20190326,0.76,0.17,0.45,0.009
20190327,-0.5,0.09,0.49,0.009
20190328,0.4,0.35,0.02,0.009
20190329,0.66,-0.21,-0.92,0.009
20190401,1.19,-0.32,0.97,0.01
20190402,-0.05,-0.12,-0.44,0.01
20190403,0.27,0.21,-0.39,0.01
20190404,0.19,0.2,0.93,0.01
20190405,0.52,0.52,-0.08,0.01
20190408,0.08,-0.3,0.1,0.01
20190409,-0.65,-0.57,-0.13,0.01
20190410,0.48,0.96,-0.11,0.01
20190411,0,-0.32,0.39,0.01
20190412,0.65,-0.52,0.64,0.01
20190415,-0.09,-0.21,-0.54,0.01
20190416,0.13,0.12,0.69,0.01
20190417,-0.32,-0.71,0.8,0.01
20190418,0.11,-0.24,-0.49,0.01
20190422,0.11,-0.45,-0.54,0.01
20190423,0.97,0.71,-0.51,0.01
20190424,-0.23,0.28,-0.09,0.01
20190425,-0.14,-0.75,-0.19,0.01
20190426,0.53,0.46,0.02,0.01
20190429,0.18,0.1,0.64,0.01
20190430,-0.04,-0.69,0.27,0.01
20190501,-0.83,-0.11,-0.02,0.009
20190502,-0.16,0.46,-0.29,0.009
20190503,1.13,0.93,-0.27,0.009
20190506,-0.39,0.6,-0.4,0.009
20190507,-1.69,-0.29,0.51,0.009
20190508,-0.22,-0.15,-0.29,0.009
20190509,-0.28,0.08,0.12,0.009
20190510,0.35,-0.36,0.07,0.009
20190513,-2.67,-0.72,0.3,0.009
20190514,0.93,0.4,-0.06,0.009
20190515,0.59,0.05,-0.95,0.009
20190516,0.91,-0.38,-0.3,0.009
20190517,-0.73,-0.8,0.3,0.009
20190520,-0.65,-0.2,0.74,0.009
20190521,0.9,0.41,-0.34,0.009
20190522,-0.4,-0.49,-0.6,0.009
20190523,-1.37,-0.69,-0.26,0.009
20190524,0.23,0.5,0.3,0.009
20190528,-0.78,0.28,-0.62,0.009
20190529,-0.71,-0.27,0.42,0.009
20190530,0.14,-0.27,-0.77,0.009
20190531,-1.37,-0.21,-0.11,0.009
20190603,-0.4,0.33,1.67,0.009
20190604,2.33,0.4,-0.05,0.009
20190605,0.7,-0.98,-0.96,0.009
20190606,0.55,-1.03,0.02,0.009
20190607,1.04,0.03,-1.22,0.009
20190610,0.53,-0.05,0.06,0.009
20190611,-0.12,-0.25,0.55,0.009
20190612,-0.2,0.41,-0.99,0.009
20190613,0.52,0.67,-0.03,0.009
20190614,-0.27,-0.75,0.32,0.009
20190617,0.15,0.63,-1.14,0.009
20190618,1.04,0.15,0.32,0.009
20190619,0.32,0.12,-0.59,0.009
20190620,0.89,-0.36,-0.21,0.009
20190621,-0.21,-0.48,-0.01,0.009
20190624,-0.34,-0.89,0.08,0.009
20190625,-0.98,0.35,0.71,0.009
20190626,-0.06,-0.08,0.24,0.009
20190627,0.6,1.41,-0.11,0.009
20190628,0.68,0.63,0.59,0.009
20190701,0.75,-0.54,-0.16,0.009
20190702,0.14,-0.8,-0.78,0.009
20190703,0.78,-0.06,-0.31,0.009
20190705,-0.1,0.16,0.89,0.009
20190708,-0.58,-0.44,0.05,0.009
20190709,0.18,-0.16,-0.45,0.009
20190710,0.4,-0.16,-0.39,0.009
20190711,0.19,-0.8,0.05,0.009
20190712,0.53,0.2,0.4,0.009
20190715,-0.04,-0.38,-1.01,0.009
20190716,-0.32,0.34,0.13,0.009
20190717,-0.64,-0.15,-0.65,0.009
20190718,0.35,-0.32,0,0.009
20190719,-0.56,0.15,0.87,0.009
20190722,0.25,-0.44,-0.49,0.009
20190723,0.65,-0.21,0.79,0.009
20190724,0.66,0.75,0.83,0.009
20190725,-0.63,-0.69,-0.19,0.009
20190726,0.82,0.4,-0.2,0.009
20190729,-0.32,-0.32,-0.44,0.009
20190730,-0.17,1.32,0.84,0.009
20190731,-1.09,0.12,0.6,0.009
20190801,-1.04,-0.48,-1.86,0.007
20190802,-0.87,-0.32,0.06,0.007
20190805,-3.07,-0.03,0.01,0.007
20190806,1.29,-0.43,-0.55,0.007
20190807,0.07,0.09,-0.9,0.007
20190808,1.97,0.09,-0.33,0.007
20190809,-0.78,-0.42,-0.25,0.007
20190812,-1.32,0.28,-0.28,0.007
20190813,1.47,-0.15,-0.54,0.007
20190814,-2.95,0.21,-0.5,0.007
20190815,0.16,-0.62,-0.53,0.007
20190816,1.55,0.54,0.61,0.007
20190819,1.14,0,0.24,0.007
20190820,-0.75,0.3,-0.5,0.007
20190821,0.85,0.07,-0.34,0.007
20190822,-0.1,-0.55,0.49,0.007
20190823,-2.66,-0.56,-0.18,0.007
20190826,1.08,-0.02,-0.19,0.007
20190827,-0.46,-0.88,-0.68,0.007
20190828,0.68,0.48,0.62,0.007
20190829,1.35,0.32,0.33,0.007
20190830,0.03,-0.38,0.25,0.007
20190903,-0.87,-0.96,0.1,0.009
20190904,1.08,-0.23,0.42,0.009
20190905,1.42,0.4,0.69,0.009
20190906,-0.02,-0.37,0.05,0.009
20190909,0.08,0.72,3.07,0.009
20190910,0.17,1.02,1.2,0.009
20190911,0.88,1.33,-0.04,0.009
20190912,0.22,-0.3,-0.17,0.009
20190913,-0.01,0,0.75,0.009
20190916,-0.23,0.93,0.5,0.009
20190917,0.17,-0.6,-1.22,0.009
20190918,-0.05,-0.74,0.06,0.009
20190919,-0.05,-0.43,-0.45,0.009
20190920,-0.48,0.3,0.16,0.009
20190923,-0.02,-0.18,0.51,0.009
20190924,-1.01,-0.75,0.02,0.009
20190925,0.69,0.36,0.53,0.009
20190926,-0.41,-0.97,0.12,0.009
20190927,-0.62,-0.36,0.88,0.009
20190930,0.5,-0.15,-0.48,0.009
20191001,-1.31,-0.47,-0.61,0.007
20191002,-1.73,0.87,-0.35,0.007
20191003,0.8,-0.2,-0.91,0.007
20191004,1.39,-0.49,-0.09,0.007
20191007,-0.41,0.16,-0.02,0.007
20191008,-1.61,-0.14,-0.12,0.007
20191009,0.92,-0.53,-0.12,0.007
20191010,0.59,-0.4,0.27,0.007
20191011,1.23,0.49,0.19,0.007
20191014,-0.18,-0.33,-0.06,0.007
20191015,1.03,0.26,-0.23,0.007
20191016,-0.24,0.39,0.23,0.007
20191017,0.37,0.81,-0.28,0.007
20191018,-0.49,-0.38,0.9,0.007
20191021,0.71,0.18,0.33,0.007
20191022,-0.34,0.21,0.88,0.007
20191023,0.26,-0.09,0.25,0.007
20191024,0.26,-0.26,-0.91,0.007
20191025,0.5,0.28,0.08,0.007
20191028,0.62,0.27,-0.25,0.007
20191029,-0.13,0.28,0.46,0.007
20191030,0.27,-0.39,-1.17,0.007
20191031,-0.38,-0.27,-0.31,0.007
20191101,1.08,0.45,0.79,0.006
20191104,0.4,0.05,1.39,0.006
20191105,-0.03,0.24,0.49,0.006
20191106,-0.05,-0.7,0.18,0.006
20191107,0.38,-0.12,0.53,0.006
20191108,0.31,0.1,-0.38,0.006
20191111,-0.19,-0.01,-0.21,0.006
20191112,0.16,-0.11,-0.14,0.006
20191113,0.01,-0.22,-0.82,0.006
20191114,0.07,-0.12,-0.26,0.006
20191115,0.74,-0.21,-0.35,0.006
20191118,0.02,-0.36,-0.51,0.006
20191119,0.02,0.59,-0.96,0.006
20191120,-0.33,0.02,-0.45,0.006
20191121,-0.14,-0.32,0.12,0.006
20191122,0.24,0.05,0.24,0.006
20191125,0.92,1.31,-0.4,0.006
20191126,0.19,0.05,-0.89,0.006
20191127,0.44,0.23,-0.05,0.006
20191129,-0.42,-0.04,-0.33,0.006
20191202,-0.87,-0.25,0.52,0.007
20191203,-0.66,0.6,-0.83,0.007
20191204,0.6,0.11,0.25,0.007
20191205,0.13,-0.24,0.48,0.007
20191206,0.91,0.24,0.4,0.007
20191209,-0.33,0.36,0.12,0.007
20191210,-0.08,0.29,-0.11,0.007
20191211,0.28,-0.08,0.1,0.007
20191212,0.9,-0.11,1.16,0.007
20191213,-0.03,-0.3,-0.54,0.007
20191216,0.74,0.07,-0.04,0.007
20191217,0.1,0.42,0.68,0.007
20191218,-0.05,0.18,0.1,0.007
20191219,0.43,-0.01,-0.43,0.007
20191220,0.48,-0.3,-0.28,0.007
20191223,0.1,0.2,-0.31,0.007
20191224,0.01,0.37,-0.02,0.007
20191226,0.48,-0.53,-0.02,0.007
20191227,-0.1,-0.53,-0.07,0.007
20191230,-0.57,0.17,0.59,0.007
20191231,0.28,-0.01,0.11,0.007
20200102,0.86,-0.85,-0.36,0.006
20200103,-0.67,0.37,0.02,0.006
20200106,0.36,-0.06,-0.56,0.006
20200107,-0.19,-0.01,-0.21,0.006
20200108,0.47,-0.05,-0.63,0.006
20200109,0.65,-0.63,-0.48,0.006
20200110,-0.34,-0.16,-0.34,0.006
20200113,0.73,-0.09,-0.12,0.006
20200114,-0.06,0.38,-0.14,0.006
20200115,0.16,0.46,-0.83,0.006
20200116,0.88,0.5,-0.11,0.006
20200117,0.28,-0.63,-0.1,0.006
20200121,-0.32,-0.51,-0.6,0.006
20200122,0.08,-0.28,0,0.006
20200123,0.08,-0.05,-0.14,0.006
20200124,-0.97,-0.42,-0.32,0.006
20200127,-1.56,0.37,-0.42,0.006
20200128,1.02,-0.13,-0.43,0.006
20200129,-0.1,-0.26,-0.96,0.006
20200130,0.34,-0.69,0.63,0.006
20200131,-1.74,-0.43,-0.34,0.006
20200203,0.84,0.63,-0.71,0.006
20200204,1.57,-0.01,-0.67,0.006
20200205,0.97,0.29,1.48,0.006
20200206,0.27,-0.45,-0.86,0.006
20200207,-0.55,-0.78,0,0.006
20200210,0.73,-0.01,-0.9,0.006
20200211,0.28,0.05,1.07,0.006
20200212,0.66,0.17,-0.36,0.006
20200213,-0.09,0.17,-0.02,0.006
20200214,0.15,-0.39,-0.68,0.006
20200218,-0.19,0.16,-0.68,0.006
20200219,0.6,0.23,-0.04,0.006
20200220,-0.35,0.46,0.67,0.006
20200221,-1.12,-0.08,0.02,0.006
20200224,-3.39,0.17,-0.01,0.006
20200225,-3.09,-0.09,-0.72,0.006
20200226,-0.52,-0.41,-1.21,0.006
20200227,-4.22,0.75,0.12,0.006
20200228,-0.78,0.28,-0.78,0.006
20200302,4.31,-1.76,-0.4,0.006
20200303,-2.79,0.78,-0.62,0.006
20200304,4.03,-1.05,-1.1,0.006
20200305,-3.38,0.19,-1.37,0.006
20200306,-1.78,0.04,-1.42,0.006
20200309,-7.79,-0.45,-4.7,0.006
20200310,4.74,-2.47,0.78,0.006
20200311,-5.05,-0.84,-0.79,0.006
20200312,-9.63,-0.52,-1.21,0.006
20200313,8.96,-2.71,2.99,0.006
20200316,-12,-0.33,-0.77,0.006
20200317,5.87,0.72,-0.85,0.006
20200318,-5.56,-3.59,-4.71,0.006
20200319,1.31,5.54,0.99,0.006
20200320,-4.15,0.39,-0.9,0.006
20200323,-2.55,2.2,-3.5,0.006
20200324,9.34,-1.18,2.35,0.006
20200325,1.18,-0.68,1.86,0.006
20200326,6.02,-0.67,1.2,0.006
20200327,-3.48,-0.78,-0.69,0.006
20200330,3.16,-0.35,-2.16,0.006
20200331,-1.44,1.81,-0.42,0.006
20200401,-4.51,-1.54,-1.41,0
20200402,2.1,-0.99,-0.28,0
20200403,-1.64,-1.1,-1.13,0
20200406,7.06,0.73,0.27,0
20200407,-0.11,-0.53,2.16,0
20200408,3.4,0.35,1.25,0
20200409,1.59,1.93,3.19,0
20200413,-0.92,-0.72,-2.42,0
20200414,3.02,-0.12,-3.17,0
20200415,-2.15,-1.18,-2.5,0
20200416,0.62,-0.22,-2.99,0
20200417,2.72,0.72,2.71,0
20200420,-1.56,0.79,-0.93,0
20200421,-3.08,0.96,0.11,0
20200422,2.31,-0.7,-1.65,0
20200423,0.13,1.16,0.54,0
20200424,1.44,0.32,-0.12,0
20200427,1.73,1.62,2.68,0
20200428,-0.45,0.88,2.82,0
20200429,2.92,1.85,2,0
20200430,-1.18,-1.39,-1.64,0
20200501,-2.91,-0.56,-1,0
20200504,0.53,0.17,-1.37,0
20200505,0.95,0.09,-1.98,0
20200506,-0.52,0.59,-2.78,0
20200507,1.33,-0.04,0.39,0
20200508,1.9,1.41,2.48,0
20200511,0.07,0.49,-3.75,0
20200512,-2.06,-0.86,-1.35,0
20200513,-1.89,-0.94,-2.12,0
20200514,1.14,-1.49,0.93,0
20200515,0.57,1.62,-1.19,0
20200518,3.24,1.5,4.58,0
20200519,-1.01,-0.56,-1.46,0
20200520,1.8,1.07,1.29,0
20200521,-0.7,0.65,0.41,0
20200522,0.27,0.47,-0.87,0
20200526,1.23,0.04,4.59,0
20200527,1.54,0.61,3.62,0
20200528,-0.41,-1.47,-2.41,0
20200529,0.6,-0.28,-1.97,0
20200601,0.52,-0.02,0.45,0
20200602,0.81,-0.05,0.45,0
20200603,1.42,0.11,2.66,0
20200604,-0.34,-0.24,2.98,0
20200605,2.5,0.73,2.67,0
20200608,1.39,0.37,2.15,0
20200609,-0.85,-0.3,-1.94,0
20200610,-0.56,-0.82,-4.16,0
20200611,-5.91,-0.83,-3.06,0
20200612,1.29,0.36,1.86,0
20200615,1.09,1.42,-0.41,0
20200616,1.87,0.63,0.48,0
20200617,-0.4,-0.91,-1.98,0
20200618,0.19,0.1,-0.56,0
20200619,-0.45,0.09,-0.64,0
20200622,0.71,0.83,-1.44,0
20200623,0.42,0.14,-0.56,0
20200624,-2.61,-0.5,-1.3,0
20200625,1.12,0.26,0.49,0
20200626,-2.44,0.18,-1.42,0
20200629,1.51,1.22,1.77,0
20200630,1.58,0.07,0,0
20200701,0.41,-1.24,-2.51,0
20200702,0.5,-0.01,-0.09,0
20200706,1.65,-0.61,0.37,0
20200707,-1.03,-0.51,-1.53,0
20200708,0.91,0.31,-0.46,0
20200709,-0.53,-0.9,-2.59,0
20200710,1.11,-0.13,3.03,0
20200713,-1.2,-0.78,1.99,0
20200714,1.35,0.36,-0.34,0
20200715,1.14,2.4,1.28,0
20200716,-0.37,-0.37,0.79,0
20200717,0.3,0.18,-1.41,0
20200720,1.01,-0.43,-2.38,0
20200721,0.16,0.83,3.23,0
20200722,0.49,-0.58,-0.34,0
20200723,-1.2,0.72,1.92,0
20200724,-0.75,-0.79,0.46,0
20200727,0.88,0.78,-1.94,0
20200728,-0.81,-0.7,0.97,0
20200729,1.35,0.52,0.87,0
20200730,-0.29,0.5,-1.83,0
20200731,0.61,-1.54,-0.65,0
20200803,0.98,1.2,-0.79,0
20200804,0.37,0.45,0.05,0
20200805,0.78,1.01,0.85,0
20200806,0.53,-0.42,-0.79,0
20200807,0.02,0.85,2.34,0
20200810,0.24,0.81,1.66,0
20200811,-0.83,-0.34,1.57,0
20200812,1.4,-0.48,-1.3,0
20200813,-0.01,0.21,-1.3,0
20200814,-0.04,-0.09,1.03,0
20200817,0.45,0.58,-1.94,0
20200818,0.22,-1.06,-1.39,0
20200819,-0.38,0.47,0.08,0
20200820,0.31,-0.49,-1.52,0
20200821,0.25,-1.06,-0.42,0
20200824,0.92,-0.33,2.56,0
20200825,0.36,0.14,-0.61,0
20200826,1,-1.11,-1.74,0
20200827,0.18,-0.36,0.98,0
20200828,0.7,0.3,-0.22,0
20200831,-0.04,-0.44,-1.75,0
20200901,0.92,0.49,-0.33,0
20200902,1.27,-0.52,-0.43,0
20200903,-3.7,-0.25,2.57,0
20200904,-0.87,-0.2,2.09,0
20200908,-2.91,0.65,-0.18,0
20200909,2.07,-0.16,-1.96,0
20200910,-1.64,0.32,-0.05,0
20200911,-0.06,-0.84,0.91,0
20200914,1.59,1.14,-0.78,0
20200915,0.57,-0.28,-1.42,0
20200916,-0.39,0.71,1.34,0
20200917,-0.85,0.37,0.19,0
20200918,-0.88,0.75,-0.18,0
20200921,-1.08,-1.91,-1.91,0
20200922,1.02,-0.12,-1.65,0
20200923,-2.48,-0.69,0.17,0
20200924,0.25,-0.21,0.32,0
20200925,1.72,0.13,-1.35,0
20200928,1.66,0.71,1.02,0
20200929,-0.42,0.75,-1.3,0
20200930,0.79,-0.69,0.18,0
20201001,0.79,1.06,-0.57,0
20201002,-0.96,1.08,2.44,0
20201005,1.93,0.99,-0.1,0
20201006,-1.28,0.76,0.24,0
20201007,1.84,0.46,0.24,0
20201008,0.8,0.01,1,0
20201009,0.93,0.01,-1.42,0
20201012,1.53,-0.82,-0.14,0
20201013,-0.41,0.19,-1.69,0
20201014,-0.65,0.1,0.06,0
20201015,-0.08,0.88,1.12,0
20201016,-0.06,-0.21,0.06,0
20201019,-1.53,0.36,0.28,0
20201020,0.34,-0.25,1.28,0
20201021,-0.36,-0.43,0.3,0
20201022,0.67,0.59,1.07,0
20201023,0.38,0.43,0.05,0
20201026,-1.85,-0.28,-0.39,0
20201027,-0.23,-0.04,-2.36,0
20201028,-3.41,0.06,0.57,0
20201029,1.13,0.17,0.22,0
20201030,-1.45,-0.79,1.85,0
20201102,1.17,0.45,0.98,0
20201103,1.93,0.94,-0.21,0
20201104,2.25,-1.43,-4.89,0
20201105,2.13,1,0.49,0
20201106,0.01,-0.83,-0.95,0
20201109,0.82,0.7,6.7,0
20201110,-0.17,1.47,2.17,0
20201111,0.88,-0.55,-1.75,0
20201112,-0.94,-0.23,-1.18,0
20201113,1.31,0.58,1.13,0
20201116,1.22,0.74,1.91,0
20201117,-0.19,0.61,0.02,0
20201118,-0.93,-0.01,0,0
20201119,0.59,0.49,-0.72,0
20201120,-0.51,0.7,-0.61,0
20201123,0.83,0.85,1.55,0
20201124,1.56,-0.15,2.73,0
20201125,0.03,0.01,-1.27,0
20201127,0.43,0.45,-1.64,0
20201130,-0.53,-0.98,-2.05,0
20201201,0.98,-0.23,0.54,0
20201202,0.11,-0.09,1.05,0
20201203,0.18,0.46,-0.05,0
20201204,1.02,1.4,0.85,0
20201207,0.03,0.22,-1.01,0
20201208,0.47,0.97,-0.75,0
20201209,-1.03,-0.06,1.34,0
20201210,0.24,1.09,-0.47,0
20201211,-0.2,-0.36,-0.72,0
20201214,-0.28,0.6,-1.54,0
20201215,1.28,1.05,0.4,0
20201216,0.17,-0.42,-0.37,0
20201217,0.79,0.71,-0.67,0
20201218,-0.12,0.11,-1.15,0
20201221,-0.23,0.13,-0.03,0
20201222,0.06,1.23,-1.62,0
20201223,0.1,0.34,2,0
20201224,0.21,-0.39,-0.17,0
20201228,0.46,-0.72,0.32,0
20201229,-0.4,-1.52,0.24,0
20201230,0.27,0.99,0.04,0
20201231,0.39,-0.87,0.45,0